altx,average1,average2,Average Step Count per Day average,average3,PROMIS average
0,2.111111111,2.555555556,753.3333333,2.888888889,28.11111111
1,2.888888889,2,2147.777778,3,48.88888889
2,3.666666667,4,3533.333333,4.111111111,54.55555556